{"MSE": 6.284724587121333e-05, "R2": 0.9999347026251162, "Cross-Validation Mean": 4.710512510531959e-05, "Cross-Validation Std": 3.1759690778700204e-05}